id,label
0,0.6999998092651367
1,0.7895427346229553
2,0.8274514079093933
3,0.8509802222251892
4,0.8745102882385254
5,0.900000274181366
6,0.8993467688560486
7,0.9013072848320007
8,0.9137257933616638
9,0.9143794775009155
